Ключевое слово для поисковой рекламы,Тип соответствия,Статус критерия,Статус кампании,Статус группы объявлений,Расходы,Kлики,CTR
пластик для 3d печати,Фразовое соответствие,Включено,Включено,Включено,"159,58 грн.",12,"4,82 %"
monofilament,Широкое соответствие,Включено,Включено,Включено,"102,69 грн.",19,"8,44 %"
филамент для 3d принтера,Широкое соответствие,Включено,Включено,Включено,"100,95 грн.",13,"3,93 %"
пластик для 3d друку,Широкое соответствие,Включено,Включено,Включено,"99,43 грн.",6,"6,19 %"
sunlu,Широкое соответствие,Включено,Включено,Включено,"93,13 грн.",13,"10,24 %"
sunlu,Широкое соответствие,Включено,Включено,Включено,"91,90 грн.",12,"8,33 %"
sunlu,Широкое соответствие,Включено,Включено,Включено,"90,57 грн.",14,"8,05 %"
sunlu,Широкое соответствие,Включено,Включено,Включено,"84,15 грн.",13,"6,70 %"
filament sunlu,Широкое соответствие,Включено,Включено,Включено,"79,81 грн.",6,"8,82 %"
филамент для 3d принтера,Широкое соответствие,Включено,Включено,Включено,"76,12 грн.",9,"3,19 %"
пластик для 3д принтера,Широкое соответствие,Включено,Включено,Включено,"73,92 грн.",15,"5,23 %"
3dplast ua,Широкое соответствие,Включено,Включено,Включено,"64,51 грн.",8,"3,57 %"
пластик для 3d друку,Широкое соответствие,Включено,Включено,Включено,"62,99 грн.",4,"4,26 %"
абс пластик,Широкое соответствие,Включено,Включено,Включено,"59,78 грн.",4,"4,21 %"
sunlu petg,Широкое соответствие,Включено,Включено,Включено,"55,80 грн.",12,"9,92 %"
petg пластик,Широкое соответствие,Включено,Включено,Включено,"54,15 грн.",6,"6,38 %"
monofilament,Широкое соответствие,Включено,Включено,Включено,"53,88 грн.",12,"6,25 %"
філамент для 3d принтера,Широкое соответствие,Включено,Включено,Включено,"53,20 грн.",6,"18,18 %"
filament sunlu,Широкое соответствие,Включено,Включено,Включено,"53,15 грн.",4,"8,89 %"
asa филамент,Широкое соответствие,Включено,Включено,Включено,"52,22 грн.",10,"17,54 %"
филамент для 3d принтера,Широкое соответствие,Включено,Включено,Включено,"51,79 грн.",9,"5,66 %"
filament,Широкое соответствие,Включено,Включено,Включено,"48,40 грн.",9,"5,63 %"
plexiwire,Широкое соответствие,Включено,Включено,Включено,"46,96 грн.",9,"11,39 %"
filament sunlu,Широкое соответствие,Включено,Включено,Включено,"46,27 грн.",5,"9,26 %"
asa пластик,Точное соответствие,Включено,Включено,Включено,"44,07 грн.",7,"12,50 %"
філамент купити,Широкое соответствие,Включено,Включено,Включено,"43,86 грн.",6,"9,23 %"
sunlu,Широкое соответствие,Включено,Включено,Включено,"43,68 грн.",7,"5,65 %"
пластик для принтера,Широкое соответствие,Включено,Включено,Включено,"43,24 грн.",7,"6,73 %"
monofilament petg,Фразовое соответствие,Включено,Включено,Включено,"43,08 грн.",2,"13,33 %"
petg,Широкое соответствие,Включено,Включено,Включено,"42,83 грн.",7,"8,43 %"
abs пластик,Широкое соответствие,Включено,Включено,Включено,"42,47 грн.",5,"20,00 %"
петг пластик,Фразовое соответствие,Включено,Включено,Включено,"42,06 грн.",3,"21,43 %"
пластик для 3d-принтера asa,Широкое соответствие,Включено,Включено,Включено,"41,90 грн.",2,"13,33 %"
пластик для 3д принтера,Широкое соответствие,Включено,Включено,Включено,"41,75 грн.",7,"4,67 %"
філамент для 3d принтера,Фразовое соответствие,Удалено,Включено,Включено,"40,23 грн.",2,"18,18 %"
filament sunlu,Широкое соответствие,Включено,Включено,Включено,"40,06 грн.",6,"11,54 %"
пластик для 3d печати,Фразовое соответствие,Включено,Включено,Включено,"37,57 грн.",3,"2,65 %"
petg пластик,Широкое соответствие,Включено,Включено,Включено,"35,69 грн.",5,"4,39 %"
купить abs пластик для 3d-принтера,Широкое соответствие,Включено,Включено,Включено,"34,71 грн.",2,"28,57 %"
abs пластик,Фразовое соответствие,Включено,Включено,Включено,"33,50 грн.",6,"7,32 %"
пластик для 3д принтеров,Широкое соответствие,Включено,Включено,Включено,"29,03 грн.",5,"8,93 %"
пластик для 3d печати,Фразовое соответствие,Включено,Включено,Включено,"27,56 грн.",5,"2,14 %"
sunlu,Широкое соответствие,Включено,Включено,Включено,"27,42 грн.",6,"5,61 %"
asa 1.75,Широкое соответствие,Включено,Включено,Включено,"27,34 грн.",4,"26,67 %"
petg філамент,Фразовое соответствие,Включено,Включено,Включено,"26,10 грн.",2,"10,00 %"
3д пласт,Широкое соответствие,Включено,Включено,Включено,"25,86 грн.",5,"3,38 %"
petg пластик,Фразовое соответствие,Включено,Включено,Включено,"25,40 грн.",3,"15,79 %"
abs пластик купить,Широкое соответствие,Включено,Включено,Включено,"24,73 грн.",2,"6,06 %"
esun petg,Широкое соответствие,Включено,Включено,Включено,"24,71 грн.",4,"25,00 %"
abs пластик,Фразовое соответствие,Включено,Включено,Включено,"24,65 грн.",6,"7,32 %"
